Model,Accuracy,Precision,Recall,F1-Score
Logistic Regression,0.9,0.9354838709677419,0.9354838709677419,0.9354838709677419
SVM,0.775,0.775,1.0,0.8732394366197183
KNN,0.775,0.7894736842105263,0.967741935483871,0.8695652173913043
Random Forest,1.0,1.0,1.0,1.0
